{"stats":{"minecraft:used":{"minecraft:gold_ore":6,"minecraft:oak_log":43,"minecraft:diamond_block":47,"minecraft:diorite":1,"minecraft:black_wool":37,"minecraft:dark_oak_log":11,"minecraft:red_wool":7,"minecraft:birch_planks":4,"minecraft:blue_wool":14,"minecraft:smooth_stone_slab":15,"minecraft:oak_sign":2,"minecraft:gold_block":22,"minecraft:spruce_planks":55,"minecraft:stone_slab":2,"minecraft:stone":7,"minecraft:cut_sandstone":151,"minecraft:cobweb":14},"minecraft:dropped":{"minecraft:polished_diorite":64,"minecraft:stone":64,"minecraft:dark_oak_log":64,"minecraft:granite":64,"minecraft:stone_slab":2,"minecraft:diamond_block":1,"minecraft:diorite":64,"minecraft:smooth_stone_slab":1,"minecraft:spruce_planks":1,"minecraft:oak_sign":1,"minecraft:andesite":64,"minecraft:polished_granite":64,"minecraft:black_wool":1,"minecraft:gold_block":1},"minecraft:custom":{"minecraft:time_since_rest":26733,"minecraft:play_one_minute":26733,"minecraft:crouch_one_cm":102,"minecraft:sprint_one_cm":11532,"minecraft:walk_one_cm":11731,"minecraft:sneak_time":640,"minecraft:drop":23,"minecraft:jump":115,"minecraft:leave_game":4,"minecraft:time_since_death":26733,"minecraft:climb_one_cm":4588,"minecraft:fly_one_cm":232955},"minecraft:mined":{"minecraft:grass_block":3}},"DataVersion":1963}