{"stats":{"minecraft:picked_up":{"minecraft:leather_chestplate":2,"minecraft:leather_leggings":2,"minecraft:name_tag":1,"minecraft:leather_boots":2,"minecraft:silverfish_spawn_egg":1,"minecraft:scaffolding":34,"minecraft:stone_button":7,"minecraft:leather_helmet":1,"minecraft:firework_rocket":960,"minecraft:iron_bars":1},"minecraft:broken":{"minecraft:leather_helmet":1,"minecraft:leather_boots":2},"minecraft:custom":{"minecraft:interact_with_crafting_table":4,"minecraft:play_one_minute":550505,"minecraft:leave_game":7,"minecraft:time_since_death":36483,"minecraft:climb_one_cm":35319,"minecraft:damage_resisted":488,"minecraft:time_since_rest":36505,"minecraft:sprint_one_cm":320491,"minecraft:damage_taken":6749,"minecraft:walk_one_cm":908271,"minecraft:drop":32,"minecraft:damage_dealt":74,"minecraft:swim_one_cm":66305,"minecraft:fly_one_cm":1610667,"minecraft:crouch_one_cm":25976,"minecraft:deaths":28,"minecraft:sneak_time":16859,"minecraft:walk_under_water_one_cm":21225,"minecraft:jump":1940,"minecraft:interact_with_blast_furnace":3,"minecraft:walk_on_water_one_cm":7916,"minecraft:fall_one_cm":14613},"minecraft:dropped":{"minecraft:silverfish_spawn_egg":5,"minecraft:player_head":1,"minecraft:polished_andesite_slab":1,"minecraft:crossbow":3,"minecraft:leather_helmet":3,"minecraft:leather_chestplate":3,"minecraft:light_blue_stained_glass":1,"minecraft:andesite":2,"minecraft:leather_boots":3,"minecraft:leather_leggings":3,"minecraft:black_concrete":1,"minecraft:firework_rocket":383},"minecraft:used":{"minecraft:water_bucket":129,"minecraft:mossy_stone_bricks":107,"minecraft:jungle_leaves":4,"minecraft:end_rod":17,"minecraft:rose_bush":5,"minecraft:iron_bars":130,"minecraft:cobblestone_stairs":9,"minecraft:dead_tube_coral_block":2,"minecraft:gray_carpet":5,"minecraft:armor_stand":3,"minecraft:dead_horn_coral_block":2,"minecraft:polished_andesite":90,"minecraft:spruce_slab":12,"minecraft:dark_oak_sign":3,"minecraft:poppy":2,"minecraft:lime_wool":4,"minecraft:ladder":2,"minecraft:polished_diorite_slab":69,"minecraft:silverfish_spawn_egg":176,"minecraft:smooth_sandstone_slab":18,"minecraft:spruce_planks":151,"minecraft:white_terracotta":2,"minecraft:stone":564,"minecraft:cut_sandstone":12,"minecraft:spruce_sign":2,"minecraft:clay":15,"minecraft:cobblestone_slab":20,"minecraft:stripped_birch_wood":5,"minecraft:quartz_stairs":5,"minecraft:spruce_fence_gate":13,"minecraft:player_head":66,"minecraft:cracked_stone_bricks":9,"minecraft:oak_leaves":17,"minecraft:debug_stick":119,"minecraft:dirt":182,"minecraft:purpur_stairs":7,"minecraft:anvil":1,"minecraft:crafting_table":3,"minecraft:oak_slab":7,"minecraft:hopper":1,"minecraft:oak_wood":2,"minecraft:dead_fire_coral_block":3,"minecraft:brick_slab":34,"minecraft:blast_furnace":8,"minecraft:spruce_stairs":8,"minecraft:yellow_concrete":6,"minecraft:cobblestone_wall":6,"minecraft:allium":2,"minecraft:campfire":26,"minecraft:stone_stairs":7,"minecraft:crossbow":155,"minecraft:light_gray_concrete_powder":1,"minecraft:stone_brick_wall":4,"minecraft:painting":11,"minecraft:spruce_fence":47,"minecraft:light_blue_stained_glass":135,"minecraft:spruce_log":6,"minecraft:stripped_spruce_log":35,"minecraft:dark_oak_door":6,"minecraft:mushroom_stem":7,"minecraft:milk_bucket":2,"minecraft:polished_diorite":341,"minecraft:fern":1,"minecraft:birch_door":4,"minecraft:piston":5,"minecraft:glass":8,"minecraft:packed_ice":70,"minecraft:gray_terracotta":2,"minecraft:stone_brick_slab":245,"minecraft:lever":1,"minecraft:black_concrete":237,"minecraft:cyan_terracotta":8,"minecraft:cornflower":8,"minecraft:bricks":152,"minecraft:bookshelf":30,"minecraft:command_block":39,"minecraft:heavy_weighted_pressure_plate":9,"minecraft:grass_block":162,"minecraft:gray_stained_glass_pane":6,"minecraft:light_gray_concrete":1,"minecraft:lantern":12,"minecraft:iron_block":16,"minecraft:oak_stairs":6,"minecraft:string":125,"minecraft:brick_stairs":37,"minecraft:stone_button":51,"minecraft:smooth_sandstone":1219,"minecraft:lectern":1,"minecraft:stone_slab":810,"minecraft:dark_oak_leaves":2,"minecraft:spruce_trapdoor":11,"minecraft:gray_concrete_powder":56,"minecraft:smooth_quartz":43,"minecraft:iron_door":6,"minecraft:gravel":34,"minecraft:polished_andesite_slab":24,"minecraft:stone_brick_stairs":158,"minecraft:stone_bricks":687,"minecraft:tripwire_hook":1,"minecraft:lime_concrete":69,"minecraft:scaffolding":243,"minecraft:hay_block":1,"minecraft:sweet_berries":1,"minecraft:iron_trapdoor":12,"minecraft:oak_sapling":1,"minecraft:smithing_table":6,"minecraft:white_stained_glass_pane":9,"minecraft:andesite":313,"minecraft:andesite_stairs":18,"minecraft:white_stained_glass":1,"minecraft:bucket":14,"minecraft:birch_log":8,"minecraft:glass_pane":4,"minecraft:smooth_stone_slab":574,"minecraft:wither_rose":1,"minecraft:white_concrete":598,"minecraft:coarse_dirt":4,"minecraft:gray_wool":56,"minecraft:brown_mushroom_block":5,"minecraft:smooth_stone":149,"minecraft:bone_meal":3,"minecraft:large_fern":1,"minecraft:gray_stained_glass":142},"minecraft:killed_by":{"minecraft:slime":3},"minecraft:crafted":{"minecraft:leather_leggings":2,"minecraft:leather_chestplate":2,"minecraft:firework_rocket":3}},"DataVersion":1963}