{"stats":{"minecraft:mined":{"minecraft:grass_block":5},"minecraft:used":{"minecraft:wandering_trader_spawn_egg":20,"minecraft:iron_bars":3,"minecraft:bow":27,"minecraft:dark_oak_sign":2,"minecraft:stone_slab":443,"minecraft:dark_oak_button":3},"minecraft:dropped":{"minecraft:tipped_arrow":1,"minecraft:bow":1,"minecraft:grass_block":1,"minecraft:wandering_trader_spawn_egg":1,"minecraft:iron_door":1},"minecraft:killed":{"minecraft:wandering_trader":6},"minecraft:custom":{"minecraft:time_since_rest":16777,"minecraft:play_one_minute":16777,"minecraft:crouch_one_cm":1313,"minecraft:sprint_one_cm":3305,"minecraft:walk_one_cm":25035,"minecraft:sneak_time":983,"minecraft:mob_kills":6,"minecraft:drop":5,"minecraft:jump":29,"minecraft:damage_dealt":18,"minecraft:leave_game":1,"minecraft:time_since_death":16777,"minecraft:climb_one_cm":502,"minecraft:talked_to_villager":1,"minecraft:fly_one_cm":124599}},"DataVersion":1957}