{"stats":{"minecraft:broken":{"minecraft:leather_helmet":1,"minecraft:leather_boots":1},"minecraft:used":{"minecraft:oak_fence":17,"minecraft:petrified_oak_slab":36,"minecraft:iron_bars":51,"minecraft:trader_llama_spawn_egg":37,"minecraft:cobblestone_stairs":5,"minecraft:wither_skeleton_skull":6,"minecraft:snow_block":78,"minecraft:flint_and_steel":3,"minecraft:birch_planks":146,"minecraft:carved_pumpkin":38,"minecraft:polished_andesite":77,"minecraft:spruce_slab":239,"minecraft:dark_oak_sign":1,"minecraft:oak_planks":72,"minecraft:oak_sign":16,"minecraft:ladder":2,"minecraft:light_gray_carpet":1,"minecraft:andesite_slab":10,"minecraft:spruce_planks":250,"minecraft:cut_sandstone":1,"minecraft:spruce_sign":4,"minecraft:llama_spawn_egg":5,"minecraft:cobblestone_slab":2,"minecraft:quartz_stairs":4,"minecraft:grass":1,"minecraft:spruce_fence_gate":4,"minecraft:player_head":3,"minecraft:smooth_sandstone_stairs":6,"minecraft:rotten_flesh":6,"minecraft:oak_door":3,"minecraft:oak_leaves":6,"minecraft:dark_oak_trapdoor":4,"minecraft:dirt":33,"minecraft:soul_sand":4,"minecraft:anvil":1,"minecraft:rail":67,"minecraft:tnt":2,"minecraft:dark_prismarine_slab":9,"minecraft:chorus_flower":1,"minecraft:brick_slab":2,"minecraft:spruce_stairs":193,"minecraft:campfire":3,"minecraft:jungle_slab":5,"minecraft:stone_stairs":19,"minecraft:crossbow":82,"minecraft:shulker_spawn_egg":127,"minecraft:furnace_minecart":3,"minecraft:stone_brick_wall":12,"minecraft:acacia_button":1,"minecraft:polished_granite_slab":3,"minecraft:spruce_fence":15,"minecraft:end_stone":1,"minecraft:stripped_spruce_log":151,"minecraft:piston":1,"minecraft:creeper_spawn_egg":69,"minecraft:redstone_torch":1,"minecraft:birch_door":6,"minecraft:oak_log":145,"minecraft:glass":1,"minecraft:packed_ice":6,"minecraft:flower_pot":2,"minecraft:lever":7,"minecraft:stone_brick_slab":6,"minecraft:black_concrete":108,"minecraft:sea_lantern":19,"minecraft:cornflower":2,"minecraft:oxeye_daisy":1,"minecraft:bricks":19,"minecraft:smooth_sandstone":2,"minecraft:heavy_weighted_pressure_plate":1,"minecraft:lime_carpet":2,"minecraft:grass_block":45,"minecraft:light_gray_concrete":6,"minecraft:red_wool":4,"minecraft:lantern":4,"minecraft:iron_block":3,"minecraft:oak_stairs":9,"minecraft:string":2,"minecraft:barrier":1,"minecraft:polished_andesite_stairs":160,"minecraft:chicken_spawn_egg":4,"minecraft:lectern":2,"minecraft:magenta_concrete":1,"minecraft:dark_oak_wood":13,"minecraft:stone_slab":192,"minecraft:spruce_trapdoor":6,"minecraft:gray_concrete_powder":1,"minecraft:smooth_quartz":24,"minecraft:barrel":8,"minecraft:stone_brick_stairs":5,"minecraft:polished_andesite_slab":102,"minecraft:yellow_wool":2,"minecraft:cod_spawn_egg":38,"minecraft:cobblestone":58,"minecraft:dolphin_spawn_egg":49,"minecraft:redstone_lamp":7,"minecraft:lime_concrete":1,"minecraft:snow":9,"minecraft:gray_glazed_terracotta":21,"minecraft:salmon_spawn_egg":87,"minecraft:andesite":158,"minecraft:white_stained_glass":33,"minecraft:andesite_stairs":18,"minecraft:minecart":8,"minecraft:white_concrete":6,"minecraft:coarse_dirt":10,"minecraft:observer":3,"minecraft:gray_wool":1,"minecraft:chorus_plant":2,"minecraft:birch_stairs":19,"minecraft:dark_prismarine_stairs":32,"minecraft:bone_meal":2,"minecraft:stripped_spruce_wood":5,"minecraft:experience_bottle":1032},"minecraft:killed_by":{"minecraft:player":1},"minecraft:picked_up":{"minecraft:leather_chestplate":1,"minecraft:redstone_lamp":1,"minecraft:leather_leggings":1,"minecraft:filled_map":2,"minecraft:leather_boots":1,"minecraft:item_frame":1,"minecraft:player_head":6,"minecraft:oak_door":1,"minecraft:gravel":1,"minecraft:leather_helmet":1,"minecraft:dispenser":2,"minecraft:firework_rocket":896,"minecraft:dark_prismarine_slab":1,"minecraft:rotten_flesh":4056,"minecraft:crossbow":1,"minecraft:bread":1},"minecraft:custom":{"minecraft:play_one_minute":283202,"minecraft:leave_game":12,"minecraft:time_since_death":66437,"minecraft:climb_one_cm":21441,"minecraft:damage_resisted":2166,"minecraft:time_since_rest":66471,"minecraft:sprint_one_cm":355642,"minecraft:damage_taken":5562,"minecraft:walk_one_cm":346482,"minecraft:drop":128,"minecraft:minecart_one_cm":14795,"minecraft:damage_dealt":118,"minecraft:swim_one_cm":2712,"minecraft:fly_one_cm":1894296,"minecraft:crouch_one_cm":19396,"minecraft:deaths":39,"minecraft:sneak_time":16566,"minecraft:walk_under_water_one_cm":2045,"minecraft:jump":1395,"minecraft:interact_with_blast_furnace":1,"minecraft:walk_on_water_one_cm":1319,"minecraft:inspect_dispenser":1,"minecraft:fall_one_cm":50423},"minecraft:dropped":{"minecraft:oak_door":1,"minecraft:gravel":1,"minecraft:player_head":118,"minecraft:stone_stairs":1,"minecraft:filled_map":1,"minecraft:redstone_lamp":1,"minecraft:dispenser":2,"minecraft:flower_pot":1,"minecraft:heavy_weighted_pressure_plate":1,"minecraft:polished_andesite_stairs":1},"minecraft:mined":{"minecraft:sea_pickle":1}},"DataVersion":1963}