{"stats":{"minecraft:custom":{"minecraft:inspect_dropper":17,"minecraft:mob_kills":4,"minecraft:interact_with_crafting_table":7,"minecraft:leave_game":56,"minecraft:time_since_death":6568,"minecraft:climb_one_cm":19172,"minecraft:damage_resisted":160,"minecraft:sprint_one_cm":497587,"minecraft:walk_one_cm":1205910,"minecraft:drop":80,"minecraft:deaths":14,"minecraft:sneak_time":68475,"minecraft:walk_under_water_one_cm":10627,"minecraft:jump":2942,"minecraft:interact_with_blast_furnace":7,"minecraft:walk_on_water_one_cm":2084,"minecraft:interact_with_furnace":3,"minecraft:play_one_minute":1147587,"minecraft:pot_flower":7,"minecraft:time_since_rest":6593,"minecraft:damage_taken":3303,"minecraft:damage_dealt":1140,"minecraft:swim_one_cm":50138,"minecraft:fly_one_cm":6881771,"minecraft:player_kills":1,"minecraft:open_chest":6,"minecraft:crouch_one_cm":135824,"minecraft:inspect_dispenser":2,"minecraft:fall_one_cm":12087},"minecraft:used":{"minecraft:oak_trapdoor":1,"minecraft:nether_brick_fence":53,"minecraft:light_blue_stained_glass_pane":6,"minecraft:blue_terracotta":348,"minecraft:iron_bars":69,"minecraft:light_gray_stained_glass_pane":8,"minecraft:smooth_quartz_slab":4,"minecraft:red_concrete":1279,"minecraft:spruce_slab":52,"minecraft:dispenser":10,"minecraft:redstone":34,"minecraft:oak_sign":179,"minecraft:light_gray_carpet":26,"minecraft:silverfish_spawn_egg":89,"minecraft:light_blue_terracotta":401,"minecraft:white_concrete_powder":14,"minecraft:spruce_planks":31,"minecraft:chest":1,"minecraft:stone":277,"minecraft:player_head":3,"minecraft:green_terracotta":24,"minecraft:debug_stick":181,"minecraft:brewing_stand":1,"minecraft:dirt":493,"minecraft:white_carpet":10,"minecraft:hopper":4,"minecraft:nether_bricks":17,"minecraft:prismarine_bricks":85,"minecraft:jungle_planks":26,"minecraft:spruce_stairs":49,"minecraft:oak_wood":4,"minecraft:stone_stairs":46,"minecraft:nether_brick_slab":6,"minecraft:pink_terracotta":38,"minecraft:snowball":558,"minecraft:jungle_trapdoor":31,"minecraft:spruce_fence":55,"minecraft:cyan_wool":45,"minecraft:light_blue_stained_glass":107,"minecraft:blue_concrete":212,"minecraft:nether_brick_stairs":61,"minecraft:stripped_spruce_log":20,"minecraft:polished_diorite":63,"minecraft:andesite_wall":3,"minecraft:stone_brick_slab":51,"minecraft:packed_ice":9,"minecraft:sea_lantern":635,"minecraft:cyan_terracotta":650,"minecraft:bricks":83,"minecraft:light_gray_stained_glass":21,"minecraft:black_stained_glass_pane":18,"minecraft:yellow_stained_glass":56,"minecraft:lantern":16,"minecraft:iron_block":27,"minecraft:grass_block":287,"minecraft:oak_stairs":1,"minecraft:brick_stairs":14,"minecraft:slime_block":5,"minecraft:smooth_sandstone":96,"minecraft:polished_andesite_stairs":133,"minecraft:gray_concrete_powder":6,"minecraft:prismarine_slab":1,"minecraft:stone_brick_stairs":2,"minecraft:stone_bricks":140,"minecraft:item_frame":106,"minecraft:bedrock":4,"minecraft:repeater":17,"minecraft:birch_trapdoor":1,"minecraft:glowstone":43,"minecraft:red_nether_brick_wall":3,"minecraft:redstone_lamp":2,"minecraft:lime_concrete":4,"minecraft:snow":26,"minecraft:scaffolding":10,"minecraft:iron_trapdoor":54,"minecraft:furnace":2,"minecraft:lime_stained_glass":11,"minecraft:white_stained_glass_pane":16,"minecraft:gold_block":23,"minecraft:acacia_wood":101,"minecraft:stone_pressure_plate":3,"minecraft:dark_prismarine_stairs":15,"minecraft:lime_glazed_terracotta":8,"minecraft:light_blue_carpet":10,"minecraft:yellow_banner":13,"minecraft:water_bucket":8,"minecraft:mossy_stone_bricks":19,"minecraft:end_rod":19,"minecraft:brick_wall":3,"minecraft:dropper":2,"minecraft:prismarine_brick_slab":62,"minecraft:birch_planks":40,"minecraft:gray_carpet":2,"minecraft:powered_rail":31,"minecraft:infested_stone":2,"minecraft:polished_andesite":721,"minecraft:acacia_trapdoor":1,"minecraft:dark_oak_sign":6,"minecraft:prismarine":27,"minecraft:lime_wool":11,"minecraft:oak_planks":25,"minecraft:andesite_slab":6,"minecraft:lime_concrete_powder":2,"minecraft:sandstone":475,"minecraft:spruce_sign":17,"minecraft:cauldron":1,"minecraft:clay":201,"minecraft:cobblestone_slab":3,"minecraft:spruce_fence_gate":13,"minecraft:diamond_block":150,"minecraft:lime_terracotta":78,"minecraft:rail":11,"minecraft:terracotta":195,"minecraft:light_blue_concrete":65,"minecraft:lime_stained_glass_pane":4,"minecraft:dark_prismarine_slab":40,"minecraft:crafting_table":4,"minecraft:birch_sign":1,"minecraft:blast_furnace":8,"minecraft:light_gray_terracotta":740,"minecraft:yellow_concrete":5,"minecraft:crossbow":216,"minecraft:campfire":21,"minecraft:purple_terracotta":321,"minecraft:stone_brick_wall":82,"minecraft:lime_shulker_box":2,"minecraft:gray_concrete":87,"minecraft:black_concrete_powder":24,"minecraft:dark_oak_door":9,"minecraft:birch_fence":9,"minecraft:redstone_torch":43,"minecraft:oak_log":4,"minecraft:piston":49,"minecraft:dark_prismarine":9,"minecraft:lever":16,"minecraft:flower_pot":8,"minecraft:acacia_stairs":4,"minecraft:black_concrete":1172,"minecraft:acacia_sign":7,"minecraft:birch_slab":7,"minecraft:command_block":51,"minecraft:lime_carpet":14,"minecraft:light_gray_concrete":1098,"minecraft:heavy_weighted_pressure_plate":10,"minecraft:cyan_carpet":71,"minecraft:stone_button":19,"minecraft:string":127,"minecraft:barrier":6,"minecraft:pig_spawn_egg":60,"minecraft:map":31,"minecraft:jungle_stairs":4,"minecraft:cyan_concrete":2,"minecraft:stone_slab":257,"minecraft:red_terracotta":2,"minecraft:polished_granite":8,"minecraft:spruce_trapdoor":36,"minecraft:iron_door":18,"minecraft:gravel":48,"minecraft:polished_andesite_slab":77,"minecraft:jungle_sign":2,"minecraft:magenta_banner":2,"minecraft:magenta_stained_glass_pane":4,"minecraft:diamond_sword":12,"minecraft:green_shulker_box":8,"minecraft:fire_charge":47,"minecraft:wooden_sword":6,"minecraft:smithing_table":582,"minecraft:white_stained_glass":2,"minecraft:andesite_stairs":64,"minecraft:andesite":3134,"minecraft:repeating_command_block":51,"minecraft:smooth_stone_slab":42,"minecraft:sea_pickle":22,"minecraft:white_concrete":938,"minecraft:coarse_dirt":5,"minecraft:gray_stained_glass":2,"minecraft:smooth_stone":274,"minecraft:birch_stairs":7},"minecraft:crafted":{"minecraft:lime_dye":2,"minecraft:filled_map":1,"minecraft:firework_star":2,"minecraft:firework_rocket":6},"minecraft:killed":{"minecraft:vex":1,"minecraft:phantom":1,"minecraft:enderman":1},"minecraft:picked_up":{"minecraft:diamond_sword":1,"minecraft:heavy_weighted_pressure_plate":1,"minecraft:snow":1,"minecraft:item_frame":18,"minecraft:oak_sign":1,"minecraft:spruce_planks":1,"minecraft:player_head":36,"minecraft:stone":64,"minecraft:diorite":64,"minecraft:redstone":1,"minecraft:purple_terracotta":1,"minecraft:arrow":5,"minecraft:iron_bars":2,"minecraft:andesite":64,"minecraft:gunpowder":1,"minecraft:polished_granite":64,"minecraft:gray_concrete_powder":60,"minecraft:leather_boots":1,"minecraft:smooth_sandstone":1,"minecraft:silverfish_spawn_egg":1,"minecraft:dead_horn_coral":2,"minecraft:polished_andesite_stairs":1,"minecraft:gravel":32,"minecraft:grass_block":2,"minecraft:leather_helmet":1,"minecraft:firework_rocket":319,"minecraft:light_gray_concrete":4,"minecraft:light_gray_terracotta":1,"minecraft:dark_prismarine_slab":1,"minecraft:clay":1,"minecraft:polished_diorite":64,"minecraft:granite":64,"minecraft:bread":3,"minecraft:ender_pearl":1},"minecraft:dropped":{"minecraft:clay":1,"minecraft:purple_terracotta":4,"minecraft:ender_pearl":1,"minecraft:dark_prismarine_slab":2,"minecraft:leather_helmet":2,"minecraft:white_concrete":1,"minecraft:smooth_sandstone":1,"minecraft:player_head":35,"minecraft:light_gray_terracotta":1,"minecraft:stone_stairs":8,"minecraft:light_gray_concrete":19,"minecraft:filled_map":1,"minecraft:leather_chestplate":1,"minecraft:leather_boots":2,"minecraft:leather_leggings":1,"minecraft:sandstone":1,"minecraft:iron_bars":3,"minecraft:firework_rocket":1919}},"DataVersion":1976}