{"stats":{"minecraft:used":{"minecraft:bedrock":2,"minecraft:black_concrete":2,"minecraft:diamond_sword":19,"minecraft:dirt":4,"minecraft:grass_block":2,"minecraft:polished_andesite":53,"minecraft:stone_button":1,"minecraft:crossbow":21,"minecraft:smooth_stone_slab":5,"minecraft:stone_slab":411},"minecraft:picked_up":{"minecraft:wandering_trader_spawn_egg":1},"minecraft:dropped":{"minecraft:wandering_trader_spawn_egg":1,"minecraft:iron_door":1},"minecraft:killed":{"minecraft:wandering_trader":12},"minecraft:custom":{"minecraft:time_since_rest":16654,"minecraft:play_one_minute":16654,"minecraft:crouch_one_cm":13456,"minecraft:sprint_one_cm":6963,"minecraft:damage_taken":18,"minecraft:walk_one_cm":13495,"minecraft:sneak_time":3336,"minecraft:mob_kills":14,"minecraft:drop":2,"minecraft:jump":55,"minecraft:damage_dealt":1150,"minecraft:interact_with_blast_furnace":1,"minecraft:leave_game":1,"minecraft:time_since_death":16654,"minecraft:climb_one_cm":922,"minecraft:talked_to_villager":3,"minecraft:fly_one_cm":124171}},"DataVersion":1957}