{"stats":{"minecraft:custom":{"minecraft:time_since_rest":569,"minecraft:crouch_one_cm":2791,"minecraft:play_one_minute":14914,"minecraft:sprint_one_cm":4862,"minecraft:deaths":1,"minecraft:damage_taken":420,"minecraft:walk_one_cm":16031,"minecraft:sneak_time":1105,"minecraft:drop":1,"minecraft:jump":125,"minecraft:minecart_one_cm":8849,"minecraft:leave_game":4,"minecraft:time_since_death":540,"minecraft:climb_one_cm":8954,"minecraft:fly_one_cm":86824,"minecraft:fall_one_cm":6153},"minecraft:dropped":{"minecraft:stripped_acacia_log":1},"minecraft:picked_up":{"minecraft:stripped_acacia_log":1},"minecraft:used":{"minecraft:stripped_acacia_log":3,"minecraft:andesite":15,"minecraft:stone_slab":4,"minecraft:stripped_oak_log":17,"minecraft:stone":26,"minecraft:stripped_spruce_wood":26},"minecraft:mined":{"minecraft:grass_block":1,"minecraft:dirt":2}},"DataVersion":1957}